"id","item_id","latitude","longitude","zoom_level","map_type","address"
1,1283,49.634360599999994,-1.6285686907490189,5,Leaflet,Cherbourg
265,6,50.3579317,3.5234846,8,Leaflet,Valenciennes+(Nord) 
266,7,49.9246182,1.0791444,8,Leaflet,Dieppe+(Seine-Maritime) 
267,8,48.6937223,6.1834097,8,Leaflet,Nancy+(Meurthe-et-Moselle) 
268,9,48.6937223,6.1834097,8,Leaflet,Nancy+(Meurthe-et-Moselle); 
269,10,21.01758025,105.7839485928,8,Leaflet,Hanoï+(Viet-Nam). 
270,11,47.3900474,0.6889268,8,Leaflet,Tours+(Indre+et+Loire). 
271,12,44.841225,-0.5800364,8,Leaflet,Bordeaux+(Gironde). 
272,13,49.4179497,2.8263171,8,Leaflet,Compiègne+(Oise) 
273,15,43.1257311,5.9304919,8,Leaflet,Toulon+(Var). 
274,16,48.8566101,2.3514992,8,Leaflet,Paris 
275,17,48.8566101,2.3514992,8,Leaflet,Paris 
276,18,43.3426562,3.2131307,8,Leaflet,Béziers+(+Hérault). 
277,19,48.8566101,2.3514992,8,Leaflet,Paris. 
278,20,48.8566101,2.3514992,8,Leaflet,Paris. 
279,21,48.8566101,2.3514992,8,Leaflet,Paris. 
280,22,48.8566101,2.3514992,8,Leaflet,Paris 
281,26,49.5077565,0.1734364,8,Leaflet,Le+Havre+(Seine+Maritime) 
282,27,43.7391605,7.428023,8,Leaflet,Monte+Carlo+(Principauté+de+Monaco). 
283,28,50.6915893,3.1741734,8,Leaflet,Roubaix+(Nord). 
284,29,44.841225,-0.5800364,8,Leaflet,Bordeaux+(Gironde). 
285,30,48.84081555,2.3883690340401,8,Leaflet,Paris+(12ème+arrondissement). 
286,31,48.8566101,2.3514992,8,Leaflet,Paris. 
287,32,41.9263991,8.7376029,8,Leaflet,Ajaccio+(Corse+du+Sud) 
288,33,48.8035403,2.1266886,8,Leaflet,Versailles+(Yvelines)
289,34,36.06065675,5.5080976150081,8,Leaflet,Sétif+(Algérie). 
290,35,45.7578137,4.8320114,8,Leaflet,Lyon+(Rhône). 
291,36,48.8566101,2.3514992,8,Leaflet,Paris 
292,38,47.6703129,-0.2458621,8,Leaflet,Durtal+(Maine+et+Loire). 
293,39,43.4698716,3.3422051,8,Leaflet,Alignan-du-Vent+(Hérault). 
294,40,48.8566101,2.3514992,8,Leaflet,Paris. 
295,41,48.8566101,2.3514992,8,Leaflet,Paris 
296,42,48.8566101,2.3514992,8,Leaflet,Paris. 
297,43,48.8566101,2.3514992,8,Leaflet,Paris. 
298,45,48.8566101,2.3514992,8,Leaflet,Paris. 
299,46,46.208056,-1.515833,8,Leaflet,Ars-en-Ré+(Charente+Maritime). 
300,49,47.6241674,4.3373194,8,Leaflet,Montbard+(Côte+d’or) 
301,51,48.8566101,2.3514992,8,Leaflet,Paris 
302,52,48.8566101,2.3514992,8,Leaflet,Paris 
303,53,48.8566101,2.3514992,8,Leaflet,Paris 
304,54,48.8566101,2.3514992,8,Leaflet,Paris 
305,55,48.8566101,2.3514992,8,Leaflet,Paris 
306,56,43.4933379,-1.475099,8,Leaflet,Bayonne+(Pyrénées+Atlantiques) 
307,57,48.8566101,2.3514992,8,Leaflet,Paris 
308,58,43.6044622,1.4442469,8,Leaflet,Toulouse+(Haute-Garonne) 
309,60,43.2961743,5.3699525,8,Leaflet,Marseille+(Bouches+du+Rhône). 
310,61,48.706046,2.7619335,8,Leaflet,Gagny+(Seine+et+Oise). 
311,62,48.8566101,2.3514992,8,Leaflet,Paris 
312,64,46.6705431,-1.4269698,14,Leaflet,"La Roche sur Yon, Vendée"
313,65,48.89210335,2.3481688483715,8,Leaflet,Paris+(18e+arrondissement) 
314,67,43.2961743,5.3699525,8,Leaflet,Marseille+(Bouches+du+Rhône) 
315,68,48.8566101,2.3514992,8,Leaflet,Paris 
316,69,48.8566101,2.3514992,8,Leaflet,Paris 
317,70,48.8566101,2.3514992,8,Leaflet,Paris 
318,71,43.4611777,3.4228323,8,Leaflet,Pézenas+(Hérault) 
319,72,44.841225,-0.5800364,8,Leaflet,Bordeaux+(Gironde) 
320,73,48.8566101,2.3514992,8,Leaflet,Paris 
321,74,48.8566101,2.3514992,8,Leaflet,Paris 
322,75,48.8566101,2.3514992,8,Leaflet,Paris 
323,76,48.8566101,2.3514992,8,Leaflet,Paris 
324,77,48.8566101,2.3514992,8,Leaflet,Paris 
325,78,48.8566101,2.3514992,8,Leaflet,Paris 
326,79,49.6456303,0.3661017,8,Leaflet,Goderville+(Seine+Maritime) 
327,80,49.2871086,1.0108998,8,Leaflet,Elbeuf+(Seine-Maritime) 
328,81,48.8566101,2.3514992,8,Leaflet,Paris 
329,82,48.8566101,2.3514992,8,Leaflet,Paris 
330,83,47.2186371,-1.5541362,8,Leaflet,Nantes+(Loire+Atlantique) 
331,84,48.8566101,2.3514992,8,Leaflet,Paris 
332,85,48.8566101,2.3514992,8,Leaflet,Paris 
333,86,48.8566101,2.3514992,8,Leaflet,Paris 
334,87,46.1591126,-1.1520434,8,Leaflet,La+Rochelle+(Charente+Maritime) 
335,88,45.3937745,5.2604941,8,Leaflet,La+Côte-Saint-André+(Isère) 
336,89,45.6754622,6.3925417,8,Leaflet,Albertville+(Savoie) 
337,90,48.8566101,2.3514992,8,Leaflet,Paris 
338,91,46.5437731,4.6868549,8,Leaflet,Cormatin+(Saône-et-Loire) 
339,92,48.8566101,2.3514992,8,Leaflet,Paris 
340,93,43.5875185,1.8526639,8,Leaflet,Lavaur+(Tarn) 
341,94,48.884683,2.2695658,8,Leaflet,Neuilly-sur-Seine+(Hauts+de+Seine) 
342,95,48.8566101,2.3514992,8,Leaflet,Paris 
343,96,48.8566101,2.3514992,8,Leaflet,Paris 
344,97,48.7887646,2.5021577282347,8,Leaflet,Saint-Maur-les-fossés++(Val-de-Marne) 
345,98,49.564665,3.620686,8,Leaflet,Laon+(Aisne) 
346,99,48.8566101,2.3514992,8,Leaflet,Paris 
347,100,49.2157245,1.1646335,8,Leaflet,Louviers+(Eure) 
348,101,45.7166676,8.2768572,12,Leaflet,"Borgosesia, Italie"
349,102,48.8566101,2.3514992,8,Leaflet,Paris 
350,103,48.8566101,2.3514992,8,Leaflet,Paris 
351,104,48.8566101,2.3514992,8,Leaflet,Paris 
352,105,48.8035403,2.1266886,8,Leaflet,Versailles+(Yvelines) 
353,106,43.6044622,1.4442469,8,Photon,Toulouse+(Haute-Garonne) 
354,107,48.2332047,4.7058337,8,Photon,Bar-sur-Aube+(Aube) 
355,108,49.06382655,0.18587290287897,8,Photon,Orbec-sur-Auge+(Calvados) 
356,109,48.8566101,2.3514992,8,Photon,Paris 
357,110,48.8566101,2.3514992,8,Leaflet,Paris 
358,111,48.8566101,2.3514992,8,Leaflet,Paris 
359,112,48.8566101,2.3514992,8,Leaflet,Paris 
360,113,47.3592304,-1.9421244,8,Leaflet,Savenay+(Loire-Inférieure). 
361,114,50.3752242,3.5137253,8,Leaflet,Anzin+(Nord) 
362,115,48.8995916,2.4985804,8,Leaflet,Montmartre+(Seine) 
363,116,48.8566101,2.3514992,8,Leaflet,Paris 
364,117,48.3905283,-4.4860088,8,Leaflet,Brest+(Finistère) 
365,118,48.8566101,2.3514992,8,Leaflet,Paris 
366,119,48.8035403,2.1266886,8,Leaflet,Versailles+(Yvelines) 
367,120,45.6352153,5.8818033931169,8,Leaflet,Chambéry+(Savoie) 
368,121,48.845432,2.2826721,8,Leaflet,Paris+(15ème+arrondissement) 
369,122,48.0155328,-0.0268815,8,Leaflet,Brains+(Sarthe) 
370,123,49.0365935,7.9445109,8,Leaflet,Wissembourg+(Bas-Rhin). 
371,124,48.8566101,2.3514992,8,Leaflet,Paris 
372,125,48.8566101,2.3514992,8,Leaflet,Paris 
373,126,48.3681064,3.7700707,8,Leaflet,Belleville+(Seine) 
374,127,48.425186,3.349561,8,Leaflet,Passy+(Seine) 
375,128,50.6451381,5.5734203,8,Leaflet,Liège+(Belgique) 
376,129,44.841225,-0.5800364,8,Leaflet,Bordeaux+(Gironde) 
377,130,48.8566101,2.3514992,8,Leaflet,Paris 
378,131,48.0260182,5.533227,8,Leaflet,Damphal+(Haute-Marne) 
379,132,43.6112422,3.8767337,8,Leaflet,Montpellier+(+Hérault) 
380,133,43.8374249,4.3600687,8,Leaflet,Nîmes+(Gard) 
381,134,48.8566101,2.3514992,8,Leaflet,Paris 
382,135,49.3966576,4.3841888,8,Leaflet,Juniville+(Ardennes) 
383,136,48.8566101,2.3514992,8,Leaflet,Paris 
384,138,48.8566101,2.3514992,8,Leaflet,Paris 
385,139,48.8566101,2.3514992,8,Leaflet,Paris 
386,141,45.7896071,4.3666251,8,Leaflet,La+Panissière+(Loire) 
387,142,48.8965132,-0.1383265,8,Leaflet,Falaise+(Calvados) 
388,143,42.9841865,1.1464455,8,Leaflet,Saint-Girons+(Ariège) 
389,144,48.8566101,2.3514992,8,Leaflet,Paris 
390,146,48.8566101,2.3514992,8,Leaflet,Paris 
391,147,48.9031,2.48291,8,Leaflet,Bondy+(Seine) 
392,148,48.8566101,2.3514992,8,Leaflet,Paris 
393,149,47.3215806,5.0414701,8,Leaflet,Dijon+(Côte+d’Or) 
394,150,48.0930486,5.6093855,8,Leaflet,Chaumont-en-Bassigny+(Haute-Marne) 
395,151,48.8566101,2.3514992,8,Leaflet,Paris 
396,152,48.8566101,2.3514992,8,Leaflet,Paris 
397,153,48.8566101,2.3514992,8,Leaflet,Paris 
398,154,48.8566101,2.3514992,8,Leaflet,Paris. 
399,155,48.8566101,2.3514992,8,Leaflet,Paris 
400,156,48.8566101,2.3514992,8,Leaflet,Paris 
401,157,48.8566101,2.3514992,8,Leaflet,Paris 
402,158,46.1591126,-1.1520434,8,Leaflet,La+Rochelle+(Charente-Maritime) 
403,159,45.4183646,0.92088,8,Leaflet,Thiviers+(Dordogne) 
404,160,48.8566101,2.3514992,8,Leaflet,Paris 
405,161,48.8566101,2.3514992,8,Leaflet,Paris 
406,162,50.3703683,3.0761377,8,Leaflet,Douai+(Nord) 
407,163,48.8566101,2.3514992,8,Leaflet,Paris 
408,164,48.8566101,2.3514992,8,Leaflet,Paris 
409,165,48.8566101,2.3514992,8,Leaflet,Paris 
410,166,50.3703683,3.0761377,8,Leaflet,Douai+(Nord) 
411,167,45.7578137,4.8320114,8,Leaflet,Lyon+(Rhône) 
412,168,47.2186371,-1.5541362,8,Leaflet,Nantes+(Loire-Atlantique) 
413,169,48.8566101,2.3514992,8,Leaflet,Paris 
414,170,47.3215806,5.0414701,8,Leaflet,Dijon+(Côte+d’Or) 
415,171,48.8566101,2.3514992,8,Leaflet,Paris 
416,172,44.6539428,-1.1755714,8,Leaflet,"Arcachon,+(Gironde) "
417,173,42.6985304,2.8953121,8,Leaflet,Perpignan+(Pyrénées+Orientales) 
418,174,43.2961743,5.3699525,8,Leaflet,Marseille+(Bouches+du+Rhône) 
419,176,48.7410773,3.1284825,8,Leaflet,Amillis+(Seine+et+Marne) 
420,177,48.8566101,2.3514992,8,Leaflet,Paris 
421,178,48.8566101,2.3514992,8,Leaflet,Paris 
422,179,50.6305089,3.0706414,8,Leaflet,Lille+(Nord) 
423,180,48.8566101,2.3514992,8,Leaflet,Paris 
424,181,47.2379985,6.0243568,8,Leaflet,Besançon+(Doubs) 
425,182,36.770201,3.0549982631266,8,Leaflet,Birmandreis+(Algérie) 
426,183,43.7009358,7.2683912,8,Leaflet,Nice+(Alpes-Maritimes) 
427,184,48.8566101,2.3514992,8,Leaflet,Paris 
428,185,47.103287,6.8324545,8,Leaflet,La+Chaux+de+Fonds+(Suisse) 
429,186,47.5581077,7.5878261,8,Leaflet,Basel
430,187,47.5097254,0.1913532,8,Leaflet,Meigné-le-Vicomte+(Maine+et+Loire) 
431,188,47.25417435,-0.066185388697267,8,Leaflet,Saumur+(Maine+et+Loire) 
432,189,50.3351,3.58255,8,Leaflet,Saultain+(Nord) 
433,190,48.8035403,2.1266886,8,Leaflet,Versailles+(Yvelines) 
434,193,48.8980123,2.3357454,8,Leaflet,Paris+(18ème+arrondissement) 
435,194,48.8566101,2.3514992,8,Leaflet,Paris 
436,195,48.8566101,2.3514992,8,Leaflet,Paris 
437,196,48.8566101,2.3514992,8,Leaflet,Paris 
438,197,47.2379985,6.0243568,8,Leaflet,Besançon+(Doubs) 
439,198,43.9492493,4.8059012,8,Leaflet,Avignon+(Vaucluse) 
440,199,48.8566101,2.3514992,8,Leaflet,Paris 
441,200,47.7348928,4.226958,8,Leaflet,Ravières+(Yonne) 
442,201,48.8566101,2.3514992,8,Leaflet,Paris 
443,202,50.1060835,1.8337029,8,Leaflet,Abbeville+(Somme) 
444,203,48.8566101,2.3514992,8,Leaflet,Paris 
445,204,49.1828008,-0.3690815,8,Leaflet,Caen+(Calvados) 
446,205,48.4429765,3.8620429,8,Leaflet,Orchies+(Nord)+<br />(voir+note) 
447,206,48.8566101,2.3514992,8,Leaflet,Paris 
448,207,48.8566101,2.3514992,8,Leaflet,Paris 
449,208,48.8566101,2.3514992,8,Leaflet,Paris 
450,209,48.8566101,2.3514992,8,Leaflet,Paris 
451,210,48.8669584,2.5063389,8,Leaflet,Neuilly+Plaisance+(Seine+et+Oise) 
452,211,50.6305089,3.0706414,8,Leaflet,Lille+(Nord) 
453,212,48.8566101,2.3514992,8,Leaflet,Paris 
454,213,48.9839674,2.6183971,8,Leaflet,Mitry-Mory+(Seine-et-Marne) 
455,214,50.3270926,3.3943729,8,Leaflet,Denain+(Nord) 
456,215,43.6044622,1.4442469,8,Leaflet,Toulouse+(Haute-Garonne) 
457,216,48.8566101,2.3514992,8,Leaflet,Paris 
458,217,43.6112422,3.8767337,8,Leaflet,Montpellier+(Hérault) 
459,218,36.8522476,10.194851791997,8,Leaflet,Tunis+(Tunisie) 
460,219,48.8566101,2.3514992,8,Leaflet,Paris 
461,220,48.8566101,2.3514992,8,Leaflet,Paris 
462,221,51.77305755,19.478382219523,8,Leaflet,Lodz+(Pologne) 
463,222,48.8566101,2.3514992,8,Leaflet,Paris 
464,223,48.8566101,2.3514992,8,Photon,Paris 
465,224,48.8566101,2.3514992,8,Photon,Paris 
466,225,51.2085526,3.226772,8,Leaflet,Brugge+(Belgique) 
467,226,44.841225,-0.5800364,8,Leaflet,Bordeaux+(Gironde) 
468,227,43.6044622,1.4442469,8,Leaflet,Toulouse+(Haute-Garonne) 
469,229,48.8566101,2.3514992,8,Leaflet,Paris. 
470,230,49.5077565,0.1734364,8,Leaflet,Le+Havre+(Seine-Maritime) 
471,231,48.8566101,2.3514992,8,Leaflet,Paris 
472,233,47.4885365,3.9070658,8,Leaflet,Avallon+(Yonne) 
473,234,49.6287112,2.6413427,8,Leaflet,Piennes-Onvillers+(Somme) 
474,235,48.8566101,2.3514992,8,Leaflet,Paris 
475,236,50.2473417,3.6364504,8,Leaflet,Le+Quesnoy++(Nord) 
476,237,49.3311967,-0.3998763,8,Leaflet,Bonnières+(Seine+et+Oise) 
477,238,50.3579317,3.5234846,8,Leaflet,Valenciennes+(Nord) 
478,239,48.5400455,2.6240921,8,Leaflet,Le+Mée+(Seine+et+Marne) 
479,240,49.7577729,0.374891,8,Leaflet,Fécamp+(Seine+Maritime) 
480,241,48.8566101,2.3514992,8,Leaflet,Paris 
481,242,50.6305089,3.0706414,8,Leaflet,Lille+(Nord) 
482,243,46.8512505,1.071916,8,Leaflet,Azay-le-Ferron+(Indre) 
483,245,48.8566101,2.3514992,8,Leaflet,Paris 
484,246,43.37938095,-0.41584513025593,8,Leaflet,Pau+(Pyrénées+Atlantiques) 
485,247,48.8566101,2.3514992,8,Leaflet,Paris 
486,248,48.8566101,2.3514992,8,Leaflet,Paris 
487,249,48.8566101,2.3514992,8,Leaflet,Paris 
488,250,48.8953328,2.2561602,8,Leaflet,Courbevoie+(Hauts+de+Seine) 
489,251,43.6003084,5.4804956,8,Leaflet,Venelles+(Bouches+du+Rhône) 
490,252,48.8566101,2.3514992,8,Leaflet,Paris 
491,253,48.8493919,2.3322599446244654,8,Leaflet,Paris+(6e arrondissement)
492,254,48.9105948,2.2890454,8,Leaflet,Asnières+(Hauts+de+Seine) 
493,255,48.8566101,2.3514992,8,Leaflet,Paris 
494,256,48.8566101,2.3514992,8,Leaflet,Paris 
495,257,46.4358751,5.3421832,8,Leaflet,Saint-Amour+(Jura) 
496,258,48.8566101,2.3514992,8,Leaflet,Paris 
497,259,48.5205106,0.5501095,8,Leaflet,Mortagne-au-Perche+(Orne) 
498,260,48.5400455,2.6240921,8,Leaflet,Le+Mée+(Seine+et+Marne) 
499,261,49.4404591,1.0939658,8,Leaflet,Rouen+(Seine+Maritime) 
500,262,48.8566101,2.3514992,8,Leaflet,Paris 
501,263,48.8566101,2.3514992,8,Leaflet,Paris 
502,264,49.1589278,5.3867277,8,Photon,Verdun+(Meuse) 
503,265,48.6937223,6.1834097,8,Photon,Nancy+(Meurthe+et+Moselle) 
504,266,47.9700867,-1.1182659,8,Leaflet,Cuillé+(Mayenne) 
505,269,48.8104847,6.7179948,8,Leaflet,Dieuze+(Moselle) 
506,270,49.0701875,2.1718687,8,Leaflet,Auvers-sur-Oise+(Val+d’Oise) 
507,271,47.2379985,6.0243568,8,Leaflet,Besançon+(Doubs) 
508,272,48.8566101,2.3514992,8,Leaflet,Paris 
509,273,48.8566101,2.3514992,8,Leaflet,Paris 
510,274,48.8566101,2.3514992,8,Leaflet,Paris 
511,275,47.3900474,0.6889268,8,Leaflet,Tours+(Indre+et+Loire) 
512,276,43.6044622,1.4442469,8,Leaflet,Toulouse+(Haute-Garonne) 
513,277,49.476737,1.0308208,8,Leaflet,Maromme+(Seine-Maritime) 
514,278,48.8566101,2.3514992,8,Leaflet,Paris 
515,279,48.8566101,2.3514992,8,Leaflet,Paris 
516,280,48.8566101,2.3514992,8,Leaflet,Paris 
517,281,48.8566101,2.3514992,8,Leaflet,Paris 
518,282,48.8566101,2.3514992,8,Leaflet,Paris 
519,283,48.4344621,2.1614464,8,Leaflet,Étampes+(Essonne) 
520,284,48.8566101,2.3514992,8,Leaflet,Paris 
521,285,50.7521914,2.2540754,8,Leaflet,Saint-Omer+(Pas-de-Calais) 
522,286,47.0921047,5.4925463,8,Leaflet,Dôle+(Jura) 
523,287,48.884683,2.2695658,8,Leaflet,Neuilly-sur-Seine+(Hauts+de+Seine) 
524,288,49.1589278,5.3867277,8,Leaflet,Verdun+(Meuse) 
525,290,48.8566101,2.3514992,8,Leaflet,Paris 
526,291,44.4442014,4.7073439,8,Leaflet,Donzère+(Drôme) 
527,292,47.3215806,5.0414701,8,Leaflet,Dijon+(Côte+d’Or) 
528,293,43.5298424,5.4474738,8,Leaflet,Aix-en-Provence+(Bouches-du-Rhône) 
529,294,48.8621574,2.337041186332698,8,Leaflet,Paris+(1er arrondissement)
530,295,48.6937223,6.1834097,8,Leaflet,Nancy+(Meurthe-et-Moselle) 
531,296,48.4090286,2.784838,8,Leaflet,Thomery+(Seine-et-Marne) 
532,297,49.75612725,0.366846,8,Leaflet,Copenhague+(Danemark) 
533,298,48.8566101,2.3514992,8,Leaflet,Paris 
534,299,48.8566101,2.3514992,8,Leaflet,Paris 
535,300,48.8566101,2.3514992,8,Leaflet,Paris 
536,301,48.8035403,2.1266886,8,Leaflet,Versailles+(Yvelines) 
537,303,44.6508185,-0.3557651,8,Leaflet,Podensac+(Gironde) 
538,304,50.061164,4.1035648,8,Leaflet,Trélon+(Nord) 
539,305,48.8566101,2.3514992,8,Leaflet,Paris 
540,306,43.6044622,1.4442469,8,Leaflet,Toulouse+(Haute-Garonne) 
541,307,48.8566101,2.3514992,8,Leaflet,Paris 
542,308,48.8566101,2.3514992,8,Leaflet,Paris 
543,309,47.454823,-1.1614226,8,Leaflet,Pouillé-les-Coteaux+(Loire-Atlantique) 
544,310,50.645962,3.0728252086116,8,Leaflet,La+Madeleine-lès-Lille+(Nord) 
545,311,48.9479069,2.2481797,8,Leaflet,Argenteuil+(Val+d’Oise) 
546,312,48.8566101,2.3514992,8,Leaflet,Paris 
547,313,43.2961743,5.3699525,8,Leaflet,Marseille+(Bouches-du-Rhône) 
548,314,49.1157004,-1.0906637,8,Leaflet,Saint-Lô+(Manche) 
549,315,48.8566101,2.3514992,8,Leaflet,Paris 
550,316,48.8566101,2.3514992,8,Leaflet,Paris 
551,317,48.8566101,2.3514992,8,Leaflet,Paris 
552,319,48.8566101,2.3514992,8,Leaflet,Paris 
553,320,43.2961743,5.3699525,8,Leaflet,Marseille+(Bouches-du-Rhône) 
554,321,48.8566101,2.3514992,8,Leaflet,Paris 
555,322,43.2961743,5.3699525,8,Leaflet,Marseille+(Bouches+du+Rhône). 
556,323,49.4404591,1.0939658,8,Leaflet,Rouen+(Seine+Maritime) 
557,324,48.86533265,2.3995650741333,8,Leaflet,Paris+(20ème+arrondissement) 
558,325,48.8566101,2.3514992,8,Leaflet,Paris. 
559,326,48.8566101,2.3514992,8,Leaflet,Paris 
560,327,45.7578137,4.8320114,8,Leaflet,Lyon++(Rhône) 
561,328,45.7578137,4.8320114,8,Leaflet,Lyon+(Rhône) 
562,329,48.8621574,2.337041186332698,8,Leaflet,Paris+(1er arrondissement) 
563,330,48.8566101,2.3514992,8,Leaflet,Paris 
564,331,48.8566101,2.3514992,8,Leaflet,Paris 
565,332,49.3311967,-0.3998763,8,Leaflet,Ermont+(Seine+et+Oise) 
566,333,48.8566101,2.3514992,8,Leaflet,Paris 
567,334,50.3579317,3.5234846,8,Leaflet,Valenciennes+(Nord) 
568,335,48.8566101,2.3514992,8,Leaflet,Paris 
569,336,47.2186371,-1.5541362,8,Leaflet,Nantes+(Loire-Atlantique) 
570,337,48.8205442,2.2375196,8,Leaflet,Vaugirard+(Seine) 
571,338,46.6267464,0.3113812,13,Leaflet,Migné-Auxances+(Vienne) 
572,340,44.841225,-0.5800364,8,Leaflet,Bordeaux+(Gironde) 
573,341,48.8566101,2.3514992,8,Leaflet,Paris 
574,342,48.7038873,2.4605107,8,Leaflet,Montgeron+(Essonne) 
575,343,43.5298424,5.4474738,8,Leaflet,Aix-en-Provence+(Bouches-du-Rhône) 
576,344,48.8566101,2.3514992,8,Leaflet,Paris 
577,345,48.8437412,2.219344,8,Leaflet,Saint-Cloud+(Hauts+de+Seine) 
578,347,48.8035403,2.1266886,8,Leaflet,Versailles+(Yvelines) 
579,348,48.8566101,2.3514992,8,Leaflet,Paris 
580,349,50.1362582,4.8248698,8,Leaflet,Givet+(Ardennes) 
581,350,50.3579317,3.5234846,8,Leaflet,Valenciennes+(Nord) 
582,351,49.125863,2.3693685,8,Leaflet,Viarmes+(Val+d’Oise) 
583,352,48.8966723,2.1036081,8,Leaflet,Paris++(paroisse+de+Saint-Germain+l’Auxerrois) 
584,353,48.8566101,2.3514992,8,Leaflet,Paris 
585,354,47.4739884,-0.5515588,8,Leaflet,Angers+(Maine+et+Loire) 
586,355,48.8566101,2.3514992,8,Leaflet,Paris 
587,356,48.8566101,2.3514992,8,Leaflet,Paris 
588,357,48.8566101,2.3514992,8,Leaflet,Paris 
589,358,49.75612725,0.366846,8,Leaflet,Copenhague+(Danemark) 
590,359,47.2186371,-1.5541362,8,Leaflet,Nantes+(Loire+Atlantique) 
591,360,47.2186371,-1.5541362,8,Leaflet,Nantes+(Loire+Atlantique) 
592,361,49.2598706,2.586169,8,Leaflet,Fleurines+(Oise) 
593,363,48.8566101,2.3514992,8,Leaflet,Paris 
594,364,48.9356069,2.0917721820109,8,Photon,Saint-Germain+en+Laye+(Yvelines) 
595,365,49.4151549,1.089746,8,Photon,Sotteville-lès-Rouen+(Seine+Maritime) 
596,367,48.8566101,2.3514992,8,Photon,Paris 
597,368,48.8566101,2.3514992,8,Photon,Paris 
598,369,48.8566101,2.3514992,8,Photon,Paris 
599,370,43.6044622,1.4442469,8,Photon,Toulouse+(Haute+Garonne) 
600,371,48.8566101,2.3514992,8,Photon,Paris 
601,372,45.7578137,4.8320114,8,Photon,Lyon+(Rhône) 
602,373,48.8566101,2.3514992,8,Photon,Paris 
603,374,48.8621574,2.337041186332698,8,Leaflet,Paris+(1er arrondissement)
604,375,48.8566101,2.3514992,8,Photon,Paris 
605,376,48.8566101,2.3514992,8,Photon,Paris 
606,377,48.8566101,2.3514992,8,Photon,Paris 
607,378,48.3681064,3.7700707,8,Photon,Belleville+(Seine) 
608,379,48.8035403,2.1266886,8,Photon,Versailles+(Yvelines) 
609,381,47.2186371,-1.5541362,8,Photon,Nantes+(Loire+Atlantique) 
610,382,49.3178407,1.9696482,8,Photon,Jouy-sous-Thelle+(Oise) 
611,383,48.8566101,2.3514992,8,Photon,Paris 
612,384,50.6305089,3.0706414,8,Photon,Lille+(Nord) 
613,385,49.8486111,3.2863888,8,Photon,Saint-Quentin+(Aisne) 
614,386,48.8566101,2.3514992,8,Photon,Paris 
615,387,21.01758025,105.7839485928,8,Photon,Hanoï+(Viet-Nam) 
616,388,48.8566101,2.3514992,8,Photon,Paris 
617,389,46.8266726,5.5632034,8,Photon,Sellières+(Jura) 
618,390,45.7578137,4.8320114,8,Photon,Lyon+(Rhône) 
619,391,43.6044622,1.4442469,8,Photon,Toulouse+(Haute-Garonne) 
620,392,50.7531232,3.1209016,8,Photon,Roncq+(Nord) 
621,393,48.8566101,2.3514992,8,Photon,Paris 
622,394,49.9780556,3.9172222,8,Photon,La+Capelle+(Aisne) 
623,395,49.4404591,1.0939658,8,Photon,Rouen+(Seine-Maritime) 
624,396,48.8566101,2.3514992,8,Photon,Paris 
625,397,46.5636138,4.9104079,8,Photon,Tournus+(Saône+et+Loire) 
626,398,48.8566101,2.3514992,8,Photon,Paris 
627,399,48.8566101,2.3514992,8,Leaflet,Paris
628,400,50.7074581,1.5737164,8,Photon,Portel+(Pas+de+Calais) 
629,402,48.8566101,2.3514992,8,Photon,Paris 
630,403,49.4404591,1.0939658,8,Photon,Rouen+(Seine+Maritime) 
631,404,51.0538286,3.7250121,11,Leaflet,Gent (Belgique)
632,405,48.8566101,2.3514992,8,Photon,Paris 
633,406,48.8566101,2.3514992,8,Photon,Paris 
634,407,50.8505734,4.3721792,8,Photon,Cobourg+(Saxe) 
635,409,48.8566101,2.3514992,8,Photon,Paris 
636,411,48.8566101,2.3514992,8,Photon,Paris 
637,412,47.9921074,2.4662857,8,Photon,Bellegarde+(Loiret) 
638,413,48.8847584,2.342692,8,Photon,"Montmartre,+Paris "
639,414,48.8566101,2.3514992,8,Photon,Paris 
640,415,48.8137759,2.5107384,8,Photon,Champigny+(Val+de+Marne) 
641,416,48.8180748,2.2384571,8,Photon,Boulogne+sur+Seine+(Hauts+de+Seine) 
642,417,46.3036683,4.8322266,8,Photon,Mâcon+(Saône+et+Loire) 
643,418,50.291048,2.7772211,8,Photon,Arras+(Pas-de-Calais) 
644,419,48.8566101,2.3514992,8,Photon,Paris 
645,420,47.3215806,5.0414701,8,Photon,Dijon+(Côte+d’Or) 
646,421,48.8566101,2.3514992,8,Photon,Paris 
647,422,47.4110351,0.983698,8,Photon,Amboise+(Indre+et+Loire) 
648,423,48.8566101,2.3514992,8,Photon,Paris 
649,425,48.8566101,2.3514992,8,Leaflet,Paris 
650,427,43.2961743,5.3699525,8,Photon,Marseille+(Bouches+du+Rhône) 
651,428,48.8566101,2.3514992,8,Photon,Paris 
652,429,48.7790592,2.2886619,8,Photon,Sceaux+(Hauts+de+Seine) 
653,430,49.8931202,3.6665942,8,Photon,Flavigny+et+Beaurain+(Aisne) 
654,431,48.8566101,2.3514992,8,Photon,Paris 
655,432,51.0347708,2.3772525,8,Photon,Dunkerque+(Nord) 
656,433,48.8621574,2.337041186332698,8,Leaflet,Paris+(1er arrondissement) 
657,434,48.8566101,2.3514992,8,Photon,Paris 
658,435,48.8566101,2.3514992,8,Photon,Paris 
659,438,48.8566101,2.3514992,8,Photon,Paris 
660,439,48.8566101,2.3514992,8,Leaflet,Paris 
661,440,49.2537799,3.8615375,8,Photon,Rosnay+(Marne) 
662,441,43.7578,1.99723,8,Photon,Graulhet+(Tarn) 
663,442,48.8566101,2.3514992,8,Photon,Paris 
664,443,45.7969952,4.8423304,8,Photon,Caluire-et-Cuire+(Rhône) 
665,444,50.6305089,3.0706414,8,Leaflet,Lille+(Nord) 
666,445,48.8566101,2.3514992,8,Photon,Paris 
667,446,48.8566101,2.3514992,8,Photon,Paris 
668,447,46.5802596,0.340196,8,Photon,Poitiers+(Vienne) 
669,449,49.5193946,3.3205038,8,Photon,Coucy-le-Château+(Aisne) 
670,450,48.8566101,2.3514992,8,Photon,Paris 
671,451,49.3008653,-0.0751662,8,Photon,Houlgate+(+Calvados) 
672,452,48.8566101,2.3514992,8,Photon,Paris 
673,453,48.8566101,2.3514992,8,Photon,Paris 
674,454,48.8566101,2.3514992,8,Photon,Paris 
675,455,48.8566101,2.3514992,8,Photon,Paris 
676,456,48.8566101,2.3514992,8,Photon,Paris 
677,457,48.8566101,2.3514992,8,Photon,Paris 
678,458,48.8566101,2.3514992,8,Photon,Paris 
679,460,44.841225,-0.5800364,8,Photon,Bordeaux+(Gironde) 
680,461,48.8566101,2.3514992,8,Photon,Paris 
681,462,44.841225,-0.5800364,8,Photon,Bordeaux+(Gironde) 
682,463,48.8566101,2.3514992,8,Photon,Paris 
683,464,43.8374249,4.3600687,8,Photon,Nîmes+(Gard) 
684,465,49.4404591,1.0939658,8,Photon,Rouen+(Seine+Maritime) 
685,466,48.8566101,2.3514992,8,Photon,Paris 
686,467,45.4401467,4.3873058,8,Photon,Saint-Étienne+(Loire) 
687,468,48.8566101,2.3514992,8,Photon,Paris 
688,469,47.590362,1.33297343,8,Leaflet,Blois+(Loir+et+Cher) 
689,470,48.8566101,2.3514992,8,Photon,Paris 
690,471,48.8566101,2.3514992,8,Photon,Paris 
691,472,48.8566101,2.3514992,8,Photon,Paris 
692,473,48.8566101,2.3514992,8,Photon,Paris 
693,474,44.8552882,-0.5239863,8,Photon,Cenon+(Gironde) 
694,475,48.8566101,2.3514992,8,Photon,Paris 
695,477,50.3703683,3.0761377,8,Photon,Douai+(Nord) 
696,478,50.3703683,3.0761377,8,Photon,Douai+(Nord) 
697,479,47.4739884,-0.5515588,8,Photon,Angers+(Maine+et+Loire) 
698,481,36.8522476,10.194851791997,8,Photon,Tunis+(Tunisie) 
699,482,48.8566101,2.3514992,8,Photon,Paris 
700,483,46.7985624,8.2319736,8,Photon,Matzendorf+(Suisse) 
701,484,47.7467,7.3389275,8,Photon,Mulhouse++(Haut-Rhin) 
702,485,48.8566101,2.3514992,8,Photon,Paris 
703,486,48.8566101,2.3514992,8,Photon,Paris 
704,487,50.5923572,5.4536219,8,Leaflet,Gent (Belgique)
705,488,43.1853592,0.0971979,8,Photon,Salles-Adour+(+Hautes+Pyrénées) 
706,489,43.6044622,1.4442469,8,Photon,Toulouse+(Haute-Garonne) 
707,490,48.8035403,2.1266886,8,Photon,Versailles+(Yvelines) 
708,491,43.6112422,3.8767337,8,Photon,Montpellier+(Hérault) 
709,492,43.7009358,7.2683912,8,Photon,Nice+(Alpes+Maritimes) 
710,493,50.3579317,3.5234846,8,Photon,Valenciennes+(Nord) 
711,494,48.8566101,2.3514992,8,Photon,Paris 
712,495,43.6044622,1.4442469,8,Photon,Toulouse+(Haute+Garonne) 
713,496,48.8566101,2.3514992,8,Photon,Paris 
714,497,48.8566101,2.3514992,8,Photon,Paris 
715,498,45.37066,0.7922,8,Photon,Saint+Pierre-de-Côle+(Dordogne) 
716,499,45.7578137,4.8320114,8,Photon,Lyon(Rhône) 
717,500,48.8566101,2.3514992,8,Photon,Paris 
718,501,48.1484916,-3.8917933,8,Photon,Londres+(Grande-Bretagne) 
719,503,48.8688199,2.4173658,8,Photon,Bagnolet+(Seine-Saint-Denis) 
720,504,50.7226113,2.5360331,8,Photon,Hazebrouck+(Nord) 
721,505,48.8566101,2.3514992,8,Photon,Paris 
722,506,48.8566101,2.3514992,8,Photon,Paris 
723,507,37.7792808,-122.4192363,8,Photon,San+Francisco+(États-Unis) 
724,508,44.5642457,6.4957085,8,Leaflet,Embrun
725,509,43.8374249,4.3600687,8,Photon,Nîmes+(Gard) 
726,511,45.7578137,4.8320114,8,Photon,Lyon+(Rhône) 
727,512,43.6463558,0.5850507,8,Photon,Auch+(Gers) 
728,513,49.0508845,2.1008067,8,Photon,Pontoise+(Val-d’Oise) 
729,514,48.8566101,2.3514992,8,Photon,Paris 
730,515,18.031192,-66.847184,7,Leaflet,"Puerto Hurcado, Saint-Domingue"
731,516,47.0666359,6.7661095,8,Photon,"Le+Locle+(Principauté+de+Neuchâtel,+Suisse) "
732,517,48.8566101,2.3514992,8,Photon,Paris 
733,518,47.2186371,-1.5541362,8,Photon,Nantes+(Loire+Atlantique) 
734,519,43.6330592,5.1335762,8,Photon,Riez-en-Provence+(Basses-Alpes) 
735,521,43.6112422,3.8767337,8,Photon,Montpellier+(Hérault) 
736,522,48.8566101,2.3514992,8,Photon,Paris 
737,523,48.8566101,2.3514992,8,Photon,Paris 
738,524,43.6690101,7.1906969,8,Photon,Grasse+(Var) 
739,525,50.3752242,3.5137253,8,Photon,Anzin+(Nord) 
740,526,48.584614,7.7507127,8,Photon,Strasbourg+(Bas-Rhin) 
741,527,43.9516996,4.8026372,8,Photon,Villeneuve-lès-Avignon+(Vaucluse) 
742,528,48.8566101,2.3514992,8,Photon,Paris 
743,529,48.8566101,2.3514992,8,Photon,Paris 
744,530,48.8035403,2.1266886,8,Photon,Versailles+(Yvelines) 
745,531,48.8566101,2.3514992,8,Photon,Paris 
746,532,48.8566101,2.3514992,8,Photon,Paris 
747,533,48.8566101,2.3514992,8,Photon,Paris 
748,534,42.6985304,2.8953121,8,Photon,Perpignan+(Pyrénées+Orientales) 
749,535,48.8566101,2.3514992,8,Photon,Paris 
750,536,50.3703683,3.0761377,8,Photon,Douai+(Nord) 
751,537,10.78136915,106.70674882648,8,Photon,Saïgon+(Viet-Nam) 
752,538,48.8566101,2.3514992,8,Photon,Paris 
753,539,49.4404591,1.0939658,8,Photon,Rouen 
754,540,48.8566101,2.3514992,8,Photon,Paris 
755,541,48.8566101,2.3514992,8,Photon,Paris 
756,542,48.8566101,2.3514992,8,Photon,Paris 
757,543,48.8566101,2.3514992,8,Photon,Paris 
758,544,48.8566101,2.3514992,8,Photon,Paris 
759,545,45.7578137,4.8320114,8,Photon,Lyon+(Rhône) 
760,546,48.8566101,2.3514992,8,Photon,Paris 
761,547,48.8566101,2.3514992,8,Photon,Paris 
762,548,47.3215806,5.0414701,8,Photon,Dijon+(Côte+d’Or) 
763,549,40.8532723,14.2709485,8,Leaflet,Naples+(Italie)
764,550,40.8532723,14.2709485,8,Photon,Naples+(Italie) 
765,551,47.2089381,5.3531973,8,Photon,Villers-les-Pots+(Côte+d’or) 
766,552,48.8566101,2.3514992,8,Photon,Paris 
767,553,47.0805693,2.398932,8,Photon,Bourges+(Cher) 
768,554,46.5802596,0.340196,8,Photon,Poitiers+(Vienne) 
769,555,43.6044622,1.4442469,8,Photon,Toulouse+(Haute+Garonne) 
770,556,47.8655638,5.3314162,8,Photon,Langres+(Haute+Marne) 
771,557,47.2411533,0.6981805,11,Leaflet,Sorigny+(Indre+et+Loire) 
772,558,48.2971626,4.0746257,8,Photon,Troyes+(Aube) 
773,560,48.8566101,2.3514992,8,Photon,Paris 
774,561,48.8566101,2.3514992,8,Photon,Paris 
775,562,48.8566101,2.3514992,8,Photon,Paris 
776,563,48.8566101,2.3514992,8,Photon,Paris 
777,564,48.584614,7.7507127,8,Photon,Strasbourg 
778,565,49.3615029,3.6496012838425,8,Photon,Longueval+(Aisne) 
779,566,47.1038613,5.8831349,8,Photon,Quingey+(Doubs) 
780,568,43.2961743,5.3699525,8,Photon,Marseille+(Bouches+du+Rhône) 
781,569,16.3316897,-61.3453105,8,Photon,Pointe+à+Pitre+(Guadeloupe)1 
782,570,47.7365524,7.2706716,8,Photon,Morschwiller-le-Bas+(Haut-Rhin) 
783,571,48.8566101,2.3514992,8,Photon,Paris 
784,572,49.1196964,6.1763552,8,Photon,Metz+(Moselle) 
785,573,49.1716947,2.6840298,8,Photon,Fontaine-Chaalis+(Oise) 
786,574,48.8566101,2.3514992,8,Photon,Paris 
787,575,43.6112422,3.8767337,8,Photon,Montpellier+(Hérault) 
788,576,48.8566101,2.3514992,8,Photon,Paris 
789,577,48.8566101,2.3514992,8,Photon,Paris 
790,578,48.2971626,4.0746257,8,Photon,Troyes+(Aube) 
791,580,44.841225,-0.5800364,8,Photon,Bordeaux+(Gironde) 
792,581,48.8566101,2.3514992,8,Photon,Paris 
793,582,43.3946278,6.3128995,13,Leaflet,Luc+(Var) 
794,583,47.4538908,3.0609141,8,Photon,Cosne+(Nièvre) 
795,584,48.8636428,2.2763825813307,8,Photon,Paris+(16ème+arrondissement) 
796,585,47.9990047,2.7364119,8,Photon,Montargis+(Loiret) 
797,586,49.8486111,3.2863888,8,Photon,Saint-Quentin+(Aisne) 
798,587,45.8229657,4.8411566,8,Photon,Collonges-au-Mont-d’Or+(Rhône) 
799,588,48.684747,3.3488557,8,Photon,Bussy-Saint-Georges-en-Brie+(Seine-et-Marne) 
800,589,48.8566101,2.3514992,8,Photon,Paris 
801,590,48.8566101,2.3514992,8,Photon,Paris 
802,591,35.7046114,-0.4731777,8,Photon,Oran+(Algérie) 
803,592,48.6017525,5.6656143,8,Photon,Vaucouleurs++(Meuse) 
804,593,48.8621574,2.3370411863327,8,Photon,Paris+(1er+arrondissement) 
805,595,48.8566101,2.3514992,8,Leaflet,Paris
806,596,48.8566101,2.3514992,8,Photon,Paris 
807,597,45.7578137,4.8320114,8,Photon,Lyon+(Rhône) 
808,598,48.8566101,2.3514992,8,Photon,Paris 
809,599,48.8566101,2.3514992,8,Photon,Paris 
810,602,48.6937223,6.1834097,8,Photon,Nancy+(Meurthe+et+Moselle). 
811,603,48.8621574,2.337041186332698,11,Leaflet,Paris+(1er arrondissement) 
812,604,48.8627007,2.3586830407480868,8,Leaflet,Paris+(3e arrondissement)
813,605,48.8566101,2.3514992,8,Photon,Paris 
814,606,46.8514773,0.9263981,8,Photon,Boussay+près+de+Preuilly++(Indre-et-Loire) 
815,607,36.770201,3.0549982631266,8,Photon,Alger+(Algérie) 
816,608,48.7986105,2.3280777,8,Photon,Arcueil-Cachan+(Seine) 
817,609,47.25417435,-0.066185388697267,8,Photon,Saumur+(Maine+et+Loire) 
818,610,46.5636138,4.9104079,8,Photon,Tournus++(Saône+et+Loire) 
819,612,48.8566101,2.3514992,8,Photon,Paris 
820,613,48.8587182,2.3789603963598,8,Photon,Paris+(11ème+arrondissement) 
821,614,43.2961743,5.3699525,8,Photon,Marseille+(Bouches-du-Rhône) 
822,615,48.8566101,2.3514992,8,Photon,Paris 
823,616,45.060735,7.923549,8,Photon,"Noli+(Piémont,+Italie) "
824,617,48.8566101,2.3514992,8,Photon,Paris 
825,618,48.8566101,2.3514992,8,Photon,Paris 
826,619,48.9098125,2.4528634806147,8,Photon,Saint-Denis+(Seine+Saint-Denis) 
827,620,48.0930486,5.6093855,8,Photon,Chaumont-en-Bassigny+(Haute-Marne) 
828,622,50.3579317,3.5234846,8,Photon,Valenciennes+(Nord) 
829,623,47.6241674,4.3373194,8,Photon,Montbard+(Côte+d’Or) 
830,624,48.8566101,2.3514992,8,Photon,Paris 
831,625,48.0341919,-2.7680974,8,Photon,Crédin+(Morbihan) 
832,626,48.9582708,2.8773541,8,Leaflet,Meaux+(Seine+et+Marne) 
833,627,48.1113387,-1.6800198,8,Photon,Rennes+(Ille+et+Vilaine) 
834,628,49.8486111,3.2863888,8,Photon,Saint-Quentin+(Aisne) 
835,629,47.8645199,2.2227985,8,Photon,La+Nouvelle-Orléans+(Étas-Unis) 
836,630,44.841225,-0.5800364,8,Photon,Bordeaux+(Gironde) 
837,631,43.6044622,1.4442469,8,Photon,Toulouse+(Haute-Garonne) 
838,632,48.8566101,2.3514992,8,Photon,Paris 
839,633,47.0921047,5.4925463,8,Photon,Dôle+(Jura) 
840,635,47.3215806,5.0414701,8,Photon,Dijon+(Côte+d’Or) 
841,636,48.2476662,7.1851184,8,Photon,Sainte-Marie-aux-Mines+(Haut-Rhin) 
842,637,48.8566101,2.3514992,8,Leaflet,Paris 
843,639,48.8566101,2.3514992,8,Photon,Paris 
844,640,48.8566101,2.3514992,8,Photon,Paris 
845,642,48.8566101,2.3514992,8,Photon,Paris 
846,643,48.8566101,2.3514992,8,Photon,Paris 
847,644,49.45328545,3.6068990035941,8,Photon,Braisne+(Aisne) 
848,645,48.8566101,2.3514992,8,Photon,Paris 
849,646,45.2090131,5.745715,8,Photon,"Grenoble,+la+Tronche+(Isère) "
850,647,48.8566101,2.3514992,8,Photon,Paris 
851,648,47.6379599,6.8628942,8,Photon,Belfort 
852,649,48.8566101,2.3514992,8,Photon,Paris 
853,650,48.8060298,2.1341691,8,Photon,"Versailles,+paroisse+Notre-Dame+(Yvelines) "
854,651,47.7026937,7.1869410108157,8,Photon,Bernwiller+(Haut-Rhin) 
855,652,48.884683,2.2695658,8,Photon,Neuilly+(Hauts+de+Seine) 
856,653,48.8566101,2.3514992,8,Photon,Paris 
857,654,48.8566101,2.3514992,8,Photon,Paris 
858,655,48.8566101,2.3514992,8,Photon,Paris 
859,656,48.8566101,2.3514992,8,Photon,Paris 
860,657,48.8566101,2.3514992,8,Photon,Paris 
861,658,48.8566101,2.3514992,8,Photon,Paris 
862,659,48.8566101,2.3514992,8,Photon,Paris 
863,660,48.8566101,2.3514992,8,Photon,Paris 
864,661,48.8566101,2.3514992,8,Photon,Paris 
865,662,48.8566101,2.3514992,8,Photon,Paris 
866,663,48.8566101,2.3514992,8,Photon,Paris 
867,664,48.8566101,2.3514992,8,Photon,Paris 
868,665,48.8566101,2.3514992,8,Photon,Paris 
869,667,48.8035403,2.1266886,8,Photon,Versailles+(Yvelines) 
870,668,49.4404591,1.0939658,8,Photon,Rouen+(Seine-Maritime) 
871,669,43.2961743,5.3699525,8,Photon,Marseille+(Bouches+du+Rhône) 
872,670,48.8566101,2.3514992,8,Photon,Paris 
873,671,43.6044622,1.4442469,8,Photon,Toulouse+(Haute-Garonne) 
874,672,48.4931351,1.2649293,8,Photon,Saint-Arnoult-des-Bois+(Eure-et-Loir) 
875,673,48.8035403,2.1266886,8,Photon,Versailles+(Yvelines) 
876,674,43.2961743,5.3699525,8,Photon,Marseille+(Bouches+du+Rhône) 
877,675,48.8566101,2.3514992,8,Photon,Paris 
878,676,49.1589278,5.3867277,8,Photon,Verdun+(Meuse) 
879,677,48.8566101,2.3514992,8,Photon,Paris 
880,678,50.52896905,2.4545149091687,8,Photon,Béthune+(Pas-de-Calais) 
881,679,48.8566101,2.3514992,8,Photon,Paris 
882,680,48.8566101,2.3514992,8,Photon,Paris 
883,681,48.8566101,2.3514992,8,Photon,Paris 
884,682,48.9173328,1.661586,8,Photon,Boinvilliers+(Yvelines) 
885,683,48.8566101,2.3514992,8,Photon,Paris 
886,684,48.8566101,2.3514992,8,Photon,Paris 
887,685,43.6044622,1.4442469,8,Photon,Toulouse+(Haute+Garonne) 
888,686,44.0175835,1.3549991,8,Photon,Montauban+(Tarn+et+Garonne) 
889,687,43.3426562,3.2131307,8,Photon,Béziers+(Hérault) 
890,688,43.7009358,7.2683912,8,Photon,Nice+(Alpes-Maritimes) 
891,689,48.8953328,2.2561602,8,Photon,Courbevoie+(Hauts+de+Seine) 
892,690,48.8566101,2.3514992,8,Photon,Paris 
893,691,48.6937223,6.1834097,8,Photon,Nancy+(Meurthe+et+Moselle) 
894,692,42.4646429,2.8629997,8,Photon,Perthus+(Pyrénées-Orientales) 
895,693,50.6915893,3.1741734,8,Photon,Roubaix+(Nord) 
896,694,48.8566101,2.3514992,8,Photon,Paris. 
897,695,47.06588895,3.9350321081727,8,Photon,Château-Chinon+(Nièvre) 
898,696,43.8374249,4.3600687,8,Photon,Nîmes+(Gard) 
899,697,48.8566101,2.3514992,8,Photon,Paris 
900,698,48.8603806,2.6723364,8,Photon,Saint-Germain-des-Noyers+(Seine-et-Marne) 
901,699,43.6044622,1.4442469,8,Photon,Toulouse+(Haute-Garonne) 
902,700,48.8035403,2.1266886,8,Photon,Versailles+(Yvelines) 
903,701,48.8566101,2.3514992,8,Photon,Paris 
904,702,47.6695323,3.7502860081132,8,Photon,Vermenton+(Yonne) 
905,703,51.0347708,2.3772525,8,Photon,Dunkerque+(Nord) 
906,704,49.0030736,2.0813173,8,Photon,Mareuil-en-France+(Seine+et+Oise) 
907,705,48.2971626,4.0746257,8,Photon,Troyes+(Aube) 
908,706,48.8847584,2.342692,8,Leaflet,Paris+(18ème+arrondissement)
909,707,48.8566101,2.3514992,8,Photon,Paris 
910,708,46.4016215,1.1537149,8,Photon,Coulonges+(Vienne) 
911,709,47.3215806,5.0414701,8,Photon,Dijon+(Côte+d’Or) 
912,710,47.3215806,5.0414701,8,Photon,Dijon+(Côte+d’Or) 
913,711,49.4404591,1.0939658,8,Photon,Rouen+(Seine+Maritime) 
914,713,48.8566101,2.3514992,8,Photon,Paris 
915,714,47.2186371,-1.5541362,8,Photon,Nantes+(Loire-Atlantique) 
916,716,43.1257311,5.9304919,8,Photon,Toulon+(Var) 
917,717,45.13326235,3.8387700191851,8,Photon,Saint-Paulien-du-Puy-en-Velay+(Haute-Loire) 
918,718,48.8035403,2.1266886,8,Photon,Versailles+(Yvelines) 
919,719,50.7409084,2.6911739,8,Photon,Méteren+(Nord) 
920,720,43.6044622,1.4442469,8,Photon,Toulouse+(Haute-Garonne) 
921,721,48.8566101,2.3514992,8,Photon,Paris 
922,722,48.8566101,2.3514992,8,Photon,Paris 
923,723,48.8035403,2.1266886,8,Photon,Versailles+(Yvelines) 
924,724,48.8566101,2.3514992,8,Photon,Paris 
925,725,49.4404591,1.0939658,8,Photon,Rouen+(Seine-Maritime) 
926,726,43.6044622,1.4442469,8,Photon,Toulouse+(Haute-Garonne) 
927,727,48.8566101,2.3514992,8,Photon,Paris. 
928,728,48.8566101,2.3514992,8,Photon,Paris 
929,729,45.0677551,7.6824892,8,Photon,Turin+(Italie) 
930,730,48.8566101,2.3514992,8,Photon,Paris 
931,731,48.8566101,2.3514992,8,Photon,Paris 
932,732,48.8566101,2.3514992,8,Photon,Paris 
933,733,45.7578137,4.8320114,8,Photon,Lyon+(Rhône) 
934,734,48.8566101,2.3514992,8,Leaflet,Paris
935,735,48.8566101,2.3514992,8,Photon,Paris 
936,736,48.8566101,2.3514992,8,Photon,Paris 
937,737,48.8566101,2.3514992,8,Photon,Paris 
938,738,48.8566101,2.3514992,8,Photon,Paris 
939,739,47.3900474,0.6889268,8,Photon,Tours+(Indre+et+Loire) 
940,740,48.8566101,2.3514992,8,Photon,Paris 
941,741,48.8566101,2.3514992,8,Photon,Paris 
942,742,48.3584558,0.67527889551472,8,Photon,Mortagne+en+Perche+(Orne) 
943,743,48.8566101,2.3514992,8,Photon,Paris 
944,744,48.7069317,0.2196789,8,Photon,Nonant-le-Pin+(Orne) 
945,745,48.8566101,2.3514992,8,Photon,Paris 
946,746,48.8566101,2.3514992,8,Photon,Paris 
947,747,49.4507987,1.0352069,8,Photon,Canteleu+(Seine+Maritime) 
948,748,48.8566101,2.3514992,8,Photon,Paris 
949,749,48.1113387,-1.6800198,8,Photon,Rennes+(Ille-et-Vilaine) 
950,750,48.8566101,2.3514992,8,Photon,Paris 
951,751,48.8035403,2.1266886,8,Photon,Versailles+(Yvelines) 
952,752,47.9027336,1.9086066,8,Photon,Orléans+(Loiret) 
953,753,44.841225,-0.5800364,8,Photon,"Bordeaux,+(Gironde) "
954,754,44.841225,-0.5800364,8,Photon,Bordeaux+(Gironde) 
955,755,48.8566101,2.3514992,8,Photon,Paris 
956,756,44.841225,-0.5800364,8,Photon,Bordeaux+(Gironde) 
957,757,48.8566101,2.3514992,8,Photon,Paris 
958,758,45.7578137,4.8320114,8,Photon,Lyon+(Rhône) 
959,761,48.8153095,2.3480887,8,Photon,Gentilly+(Val+de+Marne) 
960,762,48.8566101,2.3514992,8,Photon,Paris 
961,763,48.8566101,2.3514992,8,Photon,Paris 
962,764,49.576487,4.5623089,8,Photon,Montreuil 
963,766,48.8566101,2.3514992,8,Photon,Paris 
964,767,50.6036393,3.8527922,8,Photon,Anvers++(Belgique) 
965,768,48.8566101,2.3514992,8,Photon,Paris 
966,769,48.8566101,2.3514992,8,Photon,Paris 
967,770,44.2765862,5.3137907,8,Photon,La+Roche-sur-le-Buis+(Drôme) 
968,771,48.8566101,2.3514992,8,Photon,Paris 
969,772,48.8566101,2.3514992,8,Photon,Paris 
970,773,49.30567575,-1.099219305243,8,Photon,Isigny+(Calvados) 
971,774,48.8566101,2.3514992,8,Photon,Paris 
972,775,48.8566101,2.3514992,8,Photon,Paris 
973,776,49.7577729,0.374891,8,Photon,Fécamp+(Seine-Maritime) 
974,777,49.4404591,1.0939658,8,Photon,Rouen+(Seine-Maritime) 
975,778,48.8566101,2.3514992,8,Photon,Paris 
976,779,48.8566101,2.3514992,8,Photon,Paris 
977,780,48.8566101,2.3514992,8,Photon,Paris 
978,781,48.8566101,2.3514992,8,Photon,Paris 
979,782,16.2255854,-61.3857557,8,Photon,Sainte-Anne+(Guadeloupe) 
980,783,48.8035403,2.1266886,8,Photon,Versailles+(Yvelines). 
981,784,48.8566101,2.3514992,8,Photon,Paris 
982,785,49.8941708,2.2956951,8,Photon,Amiens+(Somme) 
983,786,48.8566101,2.3514992,8,Photon,Paris 
984,787,50.8465573,4.351697,8,Photon,Bruxelles+(Belgique) 
985,788,48.8035403,2.1266886,8,Photon,Versailles+(Yvelines) 
986,789,50.6305089,3.0706414,8,Leaflet,Lille+(Nord)
987,790,48.573385,2.4817054,8,Photon,Batignolles-Monceaux+(Seine) 
988,791,49.4197222,0.2338889,8,Photon,Honfleur+(Calvados) 
989,792,48.8566101,2.3514992,8,Photon,Paris 
990,793,48.8566101,2.3514992,8,Photon,Paris 
991,795,48.8566101,2.3514992,8,Photon,Paris 
992,796,48.8566101,2.3514992,8,Photon,Paris 
993,797,48.8566101,2.3514992,8,Photon,Paris 
994,798,50.1060835,1.8337029,8,Photon,Abbeville+(Somme) 
995,799,48.0073498,0.1967379,8,Photon,Le+Mans+(Sarthe) 
996,800,49.4404591,1.0939658,8,Photon,Rouen+(Seine+Maritime). 
997,801,48.8566101,2.3514992,8,Photon,Paris 
998,802,50.6305089,3.0706414,8,Photon,Lille+(Nord) 
999,803,48.740221,2.7645237,8,Photon,Tournan-en-Brie+(Seine+et+Marne). 
1000,804,48.8761738,2.3078195,8,Photon,Paris+(8ème+arrondissement) 
1001,806,47.3900474,0.6889268,8,Photon,Tours+(Indre+et+Loire) 
1002,807,49.4425009,6.0182549,8,Photon,Ottange+(Moselle) 
1003,808,48.8035403,2.1266886,8,Photon,Versailles+(Yvelines) 
1004,809,48.8566101,2.3514992,8,Photon,Paris 
1005,810,48.8566101,2.3514992,8,Photon,Paris 
1006,811,49.22841,0.66747,8,Photon,Livet-sur-Authou+(Eure) 
1007,812,48.891207,5.5423046,8,Photon,Saint-Mihiel+(Meuse) 
1008,813,50.6305089,3.0706414,8,Photon,Lille+(Nord) 
1009,814,46.1591126,-1.1520434,8,Photon,La+Rochelle+(Charente+Maritime) 
1010,815,48.4402443,5.5098626,8,Photon,Daimville-Bertheléville+(Meuse). 
1011,816,48.8035403,2.1266886,8,Leaflet,Versailles+(Yvelines)
1012,817,50.3579317,3.5234846,8,Photon,Valenciennes+(Nord) 
1013,818,49.8486111,3.2863888,8,Photon,Saint-Quentin+(Aisne) 
1014,820,48.8566101,2.3514992,8,Photon,Paris 
1015,821,48.8566101,2.3514992,8,Photon,Paris 
1016,822,45.7578137,4.8320114,8,Photon,Lyon+(Rhône) 
1017,823,49.4404591,1.0939658,8,Photon,Rouen+(Seine-Maritime) 
1018,824,47.4739884,-0.5515588,8,Photon,Angers+(Maine+et+Loire) 
1019,825,50.3369772,3.5521978,8,Photon,Marly-lès-Valenciennes+(Nord) 
1020,826,48.8566101,2.3514992,8,Photon,Paris 
1021,827,48.8566101,2.3514992,8,Photon,Paris 
1022,828,48.8566101,2.3514992,8,Photon,Paris 
1023,829,48.8566101,2.3514992,8,Photon,Paris 
1024,830,45.1875602,5.7357819,8,Photon,Grenoble+(Isère) 
1025,831,46.0345572,4.0729178,8,Photon,Roanne+(Loire) 
1026,832,48.8566101,2.3514992,8,Photon,Paris 
1027,833,48.8566101,2.3514992,8,Photon,Paris 
1028,834,41.6867015,12.7770433,8,Photon,Velletri+(Italie) 
1029,835,48.608544,5.0838971,8,Photon,Joinville+(Meuse) 
1030,836,48.8566101,2.3514992,8,Photon,Paris 
1031,837,48.8566101,2.3514992,8,Photon,Paris 
1032,838,49.3311967,-0.3998763,8,Photon,Clairefontaine+(Seine-et-Oise) 
1033,839,48.8566101,2.3514992,8,Photon,Paris. 
1034,841,46.7888997,4.8529605,8,Photon,Châlon-sur-Saône+(+Saône+et+Loire) 
1035,842,48.84081555,2.3883690340401,8,Photon,Paris+(XIIème+arrondissement) 
1036,843,48.8566101,2.3514992,8,Photon,Paris 
1037,845,48.8566101,2.3514992,8,Photon,Paris 
1038,846,48.8566101,2.3514992,8,Photon,Paris 
1039,847,46.2051192,5.2250324,8,Photon,Bourg-en-Bresse+(Ain) 
1040,852,43.2961743,5.3699525,8,Photon,Marseille+(Bouches+du+Rhône) 
1041,853,48.8566101,2.3514992,8,Photon,Paris 
1042,854,48.8566101,2.3514992,8,Photon,Paris 
1043,855,50.7235038,3.1605714,8,Photon,Tourcoing+(Nord) 
1044,856,48.8566101,2.3514992,8,Photon,Paris 
1045,857,48.8566101,2.3514992,8,Photon,Paris 
1046,858,48.8566101,2.3514992,8,Photon,Paris 
1047,859,48.8566101,2.3514992,8,Photon,Paris 
1048,861,48.8566101,2.3514992,8,Photon,Paris 
1049,862,45.1267128,1.2267493,8,Photon,Condat-le-Lardin+(Dordogne) 
1050,863,48.8566101,2.3514992,8,Photon,Paris 
1051,864,41.6208848,8.9721882,8,Photon,Sartène+(Corse) 
1052,865,47.1267,5.45368,8,Photon,Sampans+(Jura) 
1053,866,43.6112422,3.8767337,8,Photon,Montpellier+(Hérault) 
1054,867,48.8566101,2.3514992,8,Photon,Paris 
1055,868,49.55824,2.17247,8,Photon,La+chaussée-du-Bois-d’Écu+(Oise) 
1056,869,48.8566101,2.3514992,8,Photon,Paris 
1057,870,48.8761738,2.3078195,8,Photon,Paris+(8ème+arrondissement) 
1058,871,48.8566101,2.3514992,8,Photon,Paris 
1059,872,48.8566101,2.3514992,8,Photon,Paris 
1060,873,48.876008049999996,2.3604418036043153,13,Leaflet,Paris+(10e+arrondissement) 
1061,875,49.2314596,-0.0447457,8,Photon,Dozulé+(Calvados) 
1062,876,48.8180748,2.2384571,8,Photon,Boulogne-sur-Seine+(Hauts+de+Seine) 
1063,877,48.8566101,2.3514992,8,Photon,Paris 
1064,878,48.584614,7.7507127,8,Photon,Strasbourg+(Bas-Rhin) 
1065,880,48.8566101,2.3514992,8,Photon,Paris 
1066,881,48.8566101,2.3514992,8,Photon,Paris 
1067,882,48.4049375,2.7015872,8,Photon,Fontainebleau+(Seine-et-Marne). 
1068,883,48.8608712,2.5060144,8,Photon,Neuilly-Plaisance+(Seine+Daint-Denis) 
1069,886,48.2971626,4.0746257,8,Photon,Troyes+(Aube) 
1070,887,43.6044622,1.4442469,8,Photon,Toulouse+(Haute-Garonne) 
1071,888,48.8437412,2.219344,8,Photon,Saint-Cloud+(Hauts-de-Seine) 
1072,890,48.8566101,2.3514992,8,Photon,Paris 
1073,891,48.8566101,2.3514992,8,Photon,Paris 
1074,892,43.6112422,3.8767337,8,Photon,Montpellier+(Hérault) 
1075,893,48.8566101,2.3514992,8,Photon,Paris 
1076,894,48.871801250000004,2.357786168890904,13,Leaflet,Paris+(10ème+arrondissement) 
1077,895,48.8566101,2.3514992,8,Photon,Paris 
1078,896,47.7477336,-3.3660907,8,Photon,Lorient+(Morbihan) 
1079,897,45.4701125,4.4670802,8,Photon,"Montaud+(Saint-Étienne,+Loire). "
1080,898,44.9129225,8.615321,8,Leaflet,Alessandria+(Piémont)
1081,899,48.8566101,2.3514992,8,Photon,Paris 
1082,900,45.7578137,4.8320114,8,Photon,Lyon+(Rhône) 
1083,901,47.8346552,0.7525544,8,Photon,Bessé-sur-Braye+(Sarthe) 
1084,902,50.4211951,2.6726813,8,Photon,Bouvigny-Boyeffles+(Pas-de-Calais). 
1085,903,43.6044622,1.4442469,8,Photon,Toulouse+(Haute-Garonne) 
1086,904,49.1043397,6.7071754,8,Photon,Saint-Avold+(Moselle) 
1087,905,48.1484916,-3.8917933,8,Photon,Londres+(Grande-Bretagne) 
1088,906,48.922788,2.2543577,8,Photon,Colombes+(Hauts+de+Seine) 
1089,907,48.8566101,2.3514992,8,Photon,Paris 
1090,908,43.6044622,1.4442469,8,Photon,Toulouse+(Haute-Garonne) 
1091,910,45.4401467,4.3873058,8,Photon,Saint-Étienne+(Loire) 
1092,911,48.568207,0.005425,8,Photon,Tanville+(Orne) 
1093,912,48.8566101,2.3514992,8,Photon,Paris 
1094,913,48.8566101,2.3514992,8,Photon,Paris 
1095,915,46.2636996,-0.6312368,8,Photon,Amuré+(Deux-Sèvres) 
1096,916,48.8566101,2.3514992,8,Photon,Paris 
1097,917,45.7578137,4.8320114,8,Leaflet,Lyon+(Rhône)
1098,918,48.8566101,2.3514992,8,Photon,Paris 
1099,919,43.6112422,3.8767337,8,Photon,Montpellier+(Hérault) 
1100,920,45.7578137,4.8320114,8,Photon,Lyon+(Rhône) 
1101,921,48.8566101,2.3514992,8,Photon,Paris 
1102,922,50.3579317,3.5234846,8,Photon,Valenciennes+(Nord) 
1103,923,48.8566101,2.3514992,8,Photon,Paris 
1104,924,50.7396668,2.7349286,8,Photon,Bailleul+(Nord) 
1105,925,48.8566101,2.3514992,8,Photon,Paris 
1106,926,48.8566101,2.3514992,8,Photon,Paris 
1107,927,48.3119244,6.2088224,8,Photon,Avillers+(Vosges) 
1108,928,48.8566101,2.3514992,8,Photon,Paris 
1109,929,44.1623418,0.7608644,8,Leaflet,Agen+(Haute-Garonne) 
1110,930,48.8566101,2.3514992,8,Photon,Paris 
1111,931,48.8566101,2.3514992,8,Photon,Paris 
1112,932,43.4855,2.13617,8,Photon,Dourgne+(Tarn) 
1113,933,45.7578137,4.8320114,8,Photon,Lyon+(Rhône) 
1114,934,48.8566101,2.3514992,8,Leaflet,Paris
1115,938,48.8566101,2.3514992,8,Photon,Paris 
1116,939,48.6937223,6.1834097,8,Photon,Nancy+(Meurthe+et+Moselle) 
1117,940,48.6937223,6.1834097,8,Photon,Nancy+(Meurthe+et+Moselle) 
1118,942,47.590362,1.33297343,8,Photon,Blois+(Loir-et-Cher) 
1119,943,50.6305089,3.0706414,8,Photon,Lille+(Nord) 
1120,944,46.1591126,-1.1520434,8,Photon,La+Rochelle+(Charente+Maritime) 
1121,945,48.8566101,2.3514992,8,Photon,Paris 
1122,946,48.8035403,2.1266886,8,Leaflet,Versailles+(Yvelines)
1123,947,45.7578137,4.8320114,8,Photon,Lyon+(Rhône) 
1124,948,50.3752242,3.5137253,8,Photon,Anzin+(Nord) 
1125,949,45.6977109,4.8855966,8,Photon,Vénissieux+(Rhône) 
1126,950,45.8843751,2.1735208,8,Photon,Felletin+(Creuse) 
1127,951,43.8374249,4.3600687,8,Photon,Nîmes+(Gard) 
1128,952,48.8566101,2.3514992,8,Photon,Paris 
1129,953,48.8566101,2.3514992,8,Photon,Paris 
1130,954,45.64026915,5.6180293606526,8,Photon,Brégnier-Cordon+(Ain) 
1131,955,48.8566101,2.3514992,8,Photon,Paris 
1132,957,16.2696094,107.8980377,8,Photon,"Hué+(Trung,+Viet-Nam) "
1133,959,46.96506235,6.1190774837449,8,Photon,Levier+(Doubs) 
1134,960,48.8566101,2.3514992,8,Photon,Paris 
1135,961,48.8566101,2.3514992,8,Photon,Paris 
1136,962,49.7577729,0.374891,8,Photon,Fécamp+(Seine+Maritime) 
1137,963,48.8566101,2.3514992,8,Leaflet,Paris 
1138,964,48.8566101,2.3514992,8,Photon,Paris 
1139,965,48.4738362,-0.9694565,8,Photon,Varsovie+(Pologne) 
1140,966,49.72579,2.7640324,8,Photon,Goyencourt+(Somme) 
1141,967,48.8566101,2.3514992,8,Photon,Paris 
1142,968,48.8566101,2.3514992,8,Photon,Paris 
1143,969,48.8566101,2.3514992,8,Photon,Paris 
1144,970,46.6954728,0.8845484,8,Photon,Angles-sur-l’Anglin+(Vienne) 
1145,971,48.845432,2.2826721,8,Photon,Paris+(15ème+arrondissement) 
1146,973,47.2379985,6.0243568,8,Leaflet,Besançon+(Doubs) 
1147,974,52.5001698,5.7480821,8,Leaflet,Nederland
1148,975,48.8566101,2.3514992,8,Photon,Paris 
1149,976,47.06164,5.1017,8,Photon,Auvillars-sur-Saône+(Côte+d’Or) 
1150,977,48.8566101,2.3514992,8,Photon,Paris 
1151,978,48.8566101,2.3514992,8,Photon,Paris 
1152,979,48.8566101,2.3514992,8,Photon,Paris 
1153,980,47.9027336,1.9086066,8,Photon,Orléans+(Loiret) 
1154,982,48.8566101,2.3514992,8,Photon,Paris 
1155,983,43.6112422,3.8767337,8,Photon,Montpellier+(Hérault) 
1156,984,44.841225,-0.5800364,8,Photon,Bordeaux+(Gironde) 
1157,985,48.8566101,2.3514992,8,Photon,Paris 
1158,986,43.2961743,5.3699525,8,Photon,Marseille+(Bouches+du+Rhône) 
1159,987,50.0591099,1.3827656,8,Photon,Le+Tréport+(Seine+Maritime) 
1160,988,47.2379985,6.0243568,8,Photon,Besançon+(Doubs) 
1161,989,45.7578137,4.8320114,8,Photon,Lyon+(Rhône) 
1162,990,48.8566101,2.3514992,8,Photon,Paris 
1163,991,43.9492493,4.8059012,8,Photon,Avignon+(Vaucluse) 
1164,993,48.8566101,2.3514992,8,Photon,Paris 
1165,994,48.8566101,2.3514992,8,Photon,Paris 
1166,995,48.8566101,2.3514992,8,Photon,Paris 
1167,996,43.6044622,1.4442469,8,Photon,Toulouse+(Haute+Garonne) 
1168,997,45.7578137,4.8320114,8,Photon,Lyon+(Rhône) 
1169,998,46.0013373,0.3248033,8,Leaflet,""
1170,999,48.8566101,2.3514992,8,Photon,Paris 
1171,1000,48.8566101,2.3514992,8,Photon,Paris 
1172,1001,50.3579317,3.5234846,8,Photon,Valenciennes+(Nord) 
1173,1002,48.8493919,2.3322599446244654,10,Leaflet,Paris (6e arrondissement)
1174,1003,48.6771721,-1.8506953,8,Photon,Cancale+(Ille-et-Vilaine) 
1175,1004,48.8566101,2.3514992,8,Photon,Paris 
1176,1005,46.5375,2.60656,8,Photon,Vallon-en-Sully+(Allier) 
1177,1006,48.8566101,2.3514992,8,Photon,Paris 
1178,1007,46.8355,5.59492,8,Photon,Monay+(Jura) 
1179,1008,48.8493919,2.3322599446244654,8,Leaflet,Paris+(6e arrondissement) 
1180,1009,45.7578137,4.8320114,8,Photon,Lyon+(Rhône) 
1181,1010,48.5929768,-0.35950339063209,8,Photon,Flers-de-l’Orne+(Orne) 
1182,1011,48.8566101,2.3514992,8,Photon,Paris 
1183,1012,48.8995916,2.4985804,8,Photon,Montmartre+(Seine) 
1184,1013,46.5802596,0.340196,8,Photon,Poitiers+(Vienne) 
1185,1014,48.8566101,2.3514992,8,Photon,Paris 
1186,1015,45.7578137,4.8320114,8,Photon,Lyon+(Rhône) 
1187,1016,48.8566101,2.3514992,8,Photon,Paris 
1188,1017,48.0819636,3.2943395,8,Photon,Villeneuve-sur-Yonne+(Yonne) 
1189,1018,48.8566101,2.3514992,8,Photon,Paris 
1190,1019,48.8566101,2.3514992,8,Photon,Paris 
1191,1020,43.5298424,5.4474738,8,Photon,Aix-en-Provence+(Bouches-du-Rhône) 
1192,1021,48.8566101,2.3514992,8,Photon,Paris 
1193,1022,48.8566101,2.3514992,8,Photon,Paris 
1194,1023,48.8566101,2.3514992,8,Photon,Paris 
1195,1024,49.1196964,6.1763552,8,Photon,Metz+(Moselle) 
1196,1025,48.8566101,2.3514992,8,Photon,Paris 
1197,1026,48.8566101,2.3514992,8,Photon,Paris 
1198,1027,48.8566101,2.3514992,8,Photon,Paris 
1199,1028,48.8566101,2.3514992,8,Photon,Paris 
1200,1029,48.8566101,2.3514992,8,Photon,Paris 
1201,1030,48.8566101,2.3514992,8,Photon,Paris 
1202,1031,48.8566101,2.3514992,8,Photon,Paris 
1203,1032,48.8566101,2.3514992,8,Photon,Paris 
1204,1033,43.4014434,3.6959771,8,Photon,Sète+(Hérault) 
1205,1034,48.86672945,2.3404699027145,8,Photon,Paris+(2ème+arrondissement) 
1206,1035,43.2961743,5.3699525,8,Photon,Marseille+(Bouches+du+Rhône) 
1207,1037,48.8621574,2.337041186332698,8,Leaflet,Paris+(1er arrondissement)
1208,1038,47.3215806,5.0414701,8,Photon,Dijon+(Côte+d’Or) 
1209,1039,44.5579391,4.750318,8,Photon,Montélimar+(Drôme) 
1210,1040,48.8327419,2.3557816,8,Photon,Paris+(13ème+arrondissement) 
1211,1041,48.8566101,2.3514992,8,Photon,Paris 
1212,1043,48.8566101,2.3514992,8,Photon,Paris 
1213,1045,46.1591126,-1.1520434,8,Photon,La+Rochelle+(Charente-Maritime) 
1214,1046,43.7009358,7.2683912,8,Photon,Nice+(Alpes+Maritimes) 
1215,1047,48.8566101,2.3514992,8,Photon,Paris 
1216,1049,48.8035403,2.1266886,8,Photon,Versailles+(Yvelines) 
1217,1050,48.8566101,2.3514992,8,Photon,Paris 
1218,1051,47.3215806,5.0414701,8,Photon,Dijon+(Côte-d’Or) 
1219,1052,46.1866653,6.1922184,8,Photon,Genève+(Suisse) 
1220,1054,48.8566101,2.3514992,8,Photon,Paris 
1221,1055,48.7812807,3.305711,8,Photon,La+Ferté-Gaucher++(Seine-et-Marne) 
1222,1056,48.9098125,2.4528634806147,8,Photon,Saint-Denis+(Seine+Saint-Denis) 
1223,1057,48.8566101,2.3514992,8,Photon,Paris 
1224,1058,48.8566101,2.3514992,8,Photon,Paris 
1225,1059,44.4616788,2.7458669,8,Photon,Gavernac+(Aveyron) 
1226,1060,47.2186371,-1.5541362,8,Photon,Nantes+(Loire+Atlantique) 
1227,1061,48.8566101,2.3514992,8,Photon,Paris 
1228,1062,48.8566101,2.3514992,8,Photon,Paris 
1229,1063,48.8633043,2.34445,8,Leaflet,Paris+(2ème+arrondissement) 
1230,1064,47.3215806,5.0414701,8,Photon,Dijon+(Côte-d’Or) 
1231,1065,48.8566101,2.3514992,8,Photon,Paris 
1232,1066,48.8566101,2.3514992,8,Photon,Paris 
1233,1067,48.8566101,2.3514992,8,Photon,Paris 
1234,1068,48.8566101,2.3514992,8,Photon,Paris 
1235,1069,43.6112422,3.8767337,8,Photon,Montpellier+(Hérault) 
1236,1070,48.8566101,2.3514992,8,Photon,Paris 
1237,1071,43.6044622,1.4442469,8,Photon,Toulouse++(Haute-Garonne) 
1238,1073,43.6776223,4.6309653,8,Photon,Arles+(Bouches-du-Rhône) 
1239,1074,45.1875602,5.7357819,8,Photon,Grenoble+(Isère) 
1240,1075,44.841225,-0.5800364,8,Photon,Bordeaux+(Gironde) 
1241,1077,48.8566101,2.3514992,8,Photon,Paris 
1242,1078,48.8566101,2.3514992,8,Photon,Paris 
1243,1079,48.8566101,2.3514992,8,Photon,Paris 
1244,1080,47.6241674,4.3373194,8,Photon,Montbard+(Côte+d’Or) 
1245,1081,48.8566101,2.3514992,8,Photon,Paris 
1246,1082,43.6112422,3.8767337,8,Photon,Montpellier+(Hérault) 
1247,1083,48.8566101,2.3514992,8,Photon,Paris 
1248,1084,48.8566101,2.3514992,8,Photon,Paris 
1249,1085,48.8566101,2.3514992,8,Photon,Paris 
1250,1086,44.5532621,3.2901135,8,Photon,Marvejols+(Lozère) 
1251,1087,42.6985304,2.8953121,8,Photon,Perpignan+(Pyrénées+Orientales) 
1252,1088,46.7133901,4.695059,8,Photon,Buxy+(Saône+et+Loire) 
1253,1089,48.8829974,2.3819029030973,8,Photon,Paris+(XIXème+arrondissement) 
1254,1090,48.8493919,2.3322599446244654,8,Leaflet,Paris+(6e arrondissement)
1255,1091,48.1113387,-1.6800198,8,Photon,Rennes+(Ille+et+Vilaine) 
1256,1092,48.9356069,2.0917721820109,8,Photon,Saint-Germain-en-Laye++(Yvelines) 
1257,1093,48.8566101,2.3514992,8,Photon,Paris 
1258,1094,44.841225,-0.5800364,8,Photon,Bordeaux+(Gironde) 
1259,1097,48.1978559,3.282606,8,Photon,Sens+(Yonne) 
1260,1098,48.8566101,2.3514992,8,Photon,Paris 
1261,1099,45.8872222,0.9011111,8,Photon,Saint-Junien+(Haute-Vienne) 
1262,1100,48.8566101,2.3514992,8,Photon,Paris 
1263,1101,46.3961679,-0.2033613,8,Photon,Saint-Maixent+(Deux-Sèvres) 
1264,1102,48.8566101,2.3514992,8,Photon,Paris 
1265,1103,48.9356069,2.0917721820109,8,Photon,Saint-Germain-en-Laye 
1266,1104,45.7578137,4.8320114,8,Photon,Lyon+(Rhône) 
1267,1105,45.7774551,3.0819427,8,Photon,Clermont-+Ferrand+(Puy+de+Dôme) 
1268,1106,48.8587182,2.3789603963598,8,Photon,Paris+(11ème+arrondissement) 
1269,1107,49.2577886,4.031926,8,Photon,Reims+(Marne) 
1270,1108,47.2153658,-1.5539204658219,8,Leaflet,Nantes+(Loire-Atlantique) 
1271,1109,48.8566101,2.3514992,8,Photon,Paris 
1272,1110,49.929297,4.0338538,8,Photon,Neuve-Maison+(Aisne) 
1273,1111,48.8566101,2.3514992,8,Photon,Paris 
1274,1113,48.8566101,2.3514992,8,Photon,Paris 
1275,1114,48.8566101,2.3514992,8,Photon,Paris 
1276,1115,43.2961743,5.3699525,8,Photon,Marseille+(Bouches+du+Rhône) 
1277,1116,45.7578137,4.8320114,8,Photon,Lyon+(Rhône) 
1278,1117,47.3215806,5.0414701,8,Photon,Dijon+(Côte+d’Or) 
1279,1119,44.3002778,0.3416667,8,Photon,Aiguillon+(Lot-et-Garonne) 
1280,1120,45.7578137,4.8320114,8,Photon,Lyon+(Rhône) 
1281,1121,48.8566101,2.3514992,8,Photon,Paris 
1282,1122,46.1866653,6.1922184,8,Photon,Genève+(Suisse) 
1283,1123,50.6305089,3.0706414,8,Photon,Lille+(Nord) 
1284,1124,49.8677205,4.4288954,8,Photon,Maubert-Fontaine++(Ardennes) 
1285,1125,49.872,2.35582,8,Photon,Longueau+(Somme) 
1286,1126,48.8566101,2.3514992,8,Photon,Paris 
1287,1127,43.6044622,1.4442469,8,Photon,Toulouse+(Haute-Garonne) 
1288,1128,50.3579317,3.5234846,8,Photon,Valenciennes+(Nord) 
1289,1129,43.4902317,2.3764363,8,Photon,Mazamet+(Tarn) 
1290,1130,48.8566101,2.3514992,8,Photon,Paris 
1291,1131,48.268026,2.6953079,8,Photon,Nemours+(Seine-et-Marne) 
1292,1132,48.8198479,2.4159508,8,Photon,Charenton+(Val-de-Marne) 
1293,1133,48.8566101,2.3514992,8,Photon,Paris 
1294,1136,48.8566101,2.3514992,8,Photon,Paris 
1295,1137,48.8980123,2.3357454,8,Leaflet,Paris+(18ème+arrondissement)
1296,1138,48.5912734,6.8435322,8,Photon,Blamont+(Meurthe-et-Moselle) 
1297,1139,48.8454189,2.3525844249177834,8,Leaflet,Paris (5e arrondissement) 
1298,1140,48.8566101,2.3514992,8,Photon,Paris 
1299,1141,53.866444,10.684738,8,Photon,Lübeck+(Prusse) 
1300,1142,43.7009358,7.2683912,8,Photon,Nice+(Alpes+Maritimes) 
1301,1144,43.2961743,5.3699525,8,Photon,Marseille+(Bouches-du-Rhône) 
1302,1145,43.6044622,1.4442469,8,Photon,Toulouse+(Haute-Garonne) 
1303,1146,48.6530512,6.1947541,8,Photon,"Heillecourt,+Nancy+(Meurthe+et+Moselle) "
1304,1147,48.8566101,2.3514992,8,Photon,Paris 
1305,1148,48.8566101,2.3514992,8,Photon,Paris 
1306,1149,47.2186371,-1.5541362,8,Photon,Nantes+(Loire-Atlantique) 
1307,1150,43.2056788,1.0865093,8,Photon,Cazères+(Haute-Garonne) 
1308,1151,36.770201,3.0549982631266,8,Photon,Alger+(Algérie) 
1309,1152,48.8566101,2.3514992,8,Photon,Paris 
1310,1153,48.8566101,2.3514992,8,Photon,Paris 
1311,1154,47.3900474,0.6889268,8,Photon,Tours+(Indre+et+Loire) 
1312,1155,48.8566101,2.3514992,8,Photon,Paris 
1313,1156,48.0878217,7.278011,8,Photon,Türckheim+(Haut-Rhin) 
1314,1157,48.8566101,2.3514992,8,Photon,Paris 
1315,1158,48.8566101,2.3514992,8,Photon,Paris 
1316,1159,48.8035403,2.1266886,8,Photon,Versailles+(Yvelines) 
1317,1160,48.2971626,4.0746257,8,Photon,Troyes+(Aube) 
1318,1161,43.6589011,6.9239103,8,Photon,Grasse+(Alpes+maritimes). 
1319,1162,48.8566101,2.3514992,8,Photon,Paris 
1320,1163,48.3681064,3.7700707,8,Photon,Belleville+(Seine) 
1321,1164,48.8566101,2.3514992,8,Photon,Paris 
1322,1165,47.7132623,3.6653566,8,Photon,Irancy+(Yonne) 
1323,1166,45.0300955,3.8757116,8,Photon,Le+Puy+(Haute-Loire) 
1324,1167,48.8566101,2.3514992,8,Photon,Paris 
1325,1168,48.8566101,2.3514992,8,Photon,Paris 
1326,1169,43.6438486,4.4314211,8,Photon,Saint-Gilles+du+Gard+(Gard) 
1327,1170,48.8566101,2.3514992,8,Photon,Paris 
1328,1171,51.19996685,2.8722755823609,8,Leaflet,Brugge+(Belgique) 
1329,1172,50.7376746,3.1958465,8,Photon,Ostende+(Belgique) 
1330,1173,48.8566101,2.3514992,8,Photon,Paris 
1331,1174,44.841225,-0.5800364,8,Photon,Bordeaux+(Gironde) 
1332,1175,48.8566101,2.3514992,8,Photon,Paris 
1333,1176,48.8566101,2.3514992,8,Photon,Paris 
1334,1177,48.8566101,2.3514992,8,Photon,Paris 
1335,1178,42.6985304,2.8953121,8,Photon,Perpignan+(Pyrénées+Orientales) 
1336,1179,48.8566101,2.3514992,8,Photon,Paris 
1337,1180,48.8566101,2.3514992,8,Photon,Paris 
1338,1181,48.8566101,2.3514992,8,Photon,Paris 
1339,1182,50.3369772,3.5521978,8,Photon,Marly-lès-Valenciennes+(Nord) 
1340,1183,48.8566101,2.3514992,8,Photon,Paris 
1341,1185,48.8566101,2.3514992,8,Photon,Paris 
1342,1186,48.0293427,-1.931223,8,Photon,Saint-Thurial+(Ille-et-Vilaine) 
1343,1187,48.8566101,2.3514992,8,Photon,Paris 
1344,1188,45.6950021,4.7928827,8,Photon,Saint-Genis-Laval+(Bouches-du-Rhône) 
1345,1189,43.2961743,5.3699525,8,Photon,Marseille+(Bouches+du+Rhône) 
1346,1190,49.1196964,6.1763552,8,Photon,Metz+(Moselle) 
1347,1191,48.8566101,2.3514992,8,Photon,Paris 
1348,1192,47.2186371,-1.5541362,8,Photon,Nantes+(Loire+Atlantique) 
1349,1193,48.8566101,2.3514992,8,Photon,Paris 
1350,1195,48.8566101,2.3514992,8,Photon,Paris 
1351,1196,50.6305089,3.0706414,8,Photon,Lille+(Nord) 
1352,1197,49.4404591,1.0939658,8,Photon,Rouen+(Seine-Maritime) 
1353,1198,49.4300997,2.0823355,8,Photon,Beauvais+(Oise) 
1354,1199,36.770201,3.0549982631266,8,Photon,Alger+(Algérie) 
1355,1200,48.8965132,-0.1383265,8,Photon,Falaise+(Calvados) 
1356,1201,48.8566101,2.3514992,8,Photon,Paris 
1357,1202,48.8566101,2.3514992,8,Photon,Paris 
1358,1203,47.2509596,5.5793739,8,Photon,Montrambert-Marpain+(Jura) 
1359,1204,48.8566101,2.3514992,8,Photon,Paris 
1360,1205,48.8566101,2.3514992,8,Photon,Paris 
1361,1206,43.7009358,7.2683912,8,Photon,Nice+(Alpes+Maritimes) 
1362,1207,47.5594387,5.270281,8,Leaflet,Chazeuil+(Côte+d’Or) 
1363,1208,48.8566101,2.3514992,8,Photon,Paris 
1364,1209,48.0073498,0.1967379,8,Photon,Le+Mans+(Sarthe) 
1365,1210,48.8566101,2.3514992,8,Photon,Paris 
1366,1211,47.05249335,-0.87821125450941,8,Photon,Cholet+(Maine+et+Loire) 
1367,1212,48.1113387,-1.6800198,8,Photon,Rennes+(Ille+et+Vilaine) 
1368,1213,48.867687000000004,2.3431224434476814,8,Leaflet,Paris (2e arrondissement)
1369,1214,48.8566101,2.3514992,8,Photon,Paris 
1370,1215,47.3900474,0.6889268,8,Photon,Tours+(Indre+et+Loire) 
1371,1216,48.8137759,2.5107384,8,Photon,Champigny-sur-Marne+(Val+de+Marne) 
1372,1217,49.3311967,-0.3998763,8,Photon,Étiolles+(Seine-et-Oise) 
1373,1218,48.4250631,2.9965183,8,Photon,Sucy-en-Brie+(Seine-et-Marne) 
1374,1219,48.8566101,2.3514992,8,Photon,Paris 
1375,1220,48.8566101,2.3514992,8,Photon,Paris 
1376,1221,47.6014104,7.4966546,8,Photon,Blotzheim+(Haut-Rhin) 
1377,1222,48.8566101,2.3514992,8,Photon,Paris 
1378,1223,49.2011432,6.9276846,8,Photon,Stiring-Wendel+(Moselle) 
1379,1224,48.5618483,-3.1502007,8,Leaflet,Guingamp
1380,1226,48.8566101,2.3514992,8,Photon,Paris 
1381,1227,47.3215806,5.0414701,8,Photon,Dijon+(Côte+d’Or) 
1382,1228,48.8566101,2.3514992,8,Photon,Paris 
1383,1230,48.8566101,2.3514992,8,Photon,Paris 
1384,1231,50.6036393,3.8527922,8,Photon,Anvers+(Belgique) 
1385,1232,43.1257311,5.9304919,8,Photon,Toulon+(Var) 
1386,1233,43.5298424,5.4474738,8,Photon,Aix-en-Provence+(Bouches-du-Rhône) 
1387,1234,43.7009358,7.2683912,8,Photon,Nice+(Alpes-maritimes) 
1388,1235,45.0697151,7.5176764,11,Leaflet,Rivoli (Italie)
1389,1236,48.8566101,2.3514992,8,Photon,Paris 
1390,1237,48.8566101,2.3514992,8,Photon,Paris 
1391,1238,48.8566101,2.3514992,8,Photon,Paris 
1393,1241,48.425186,3.349561,8,Photon,Passy+(Seine) 
1394,1242,48.8566101,2.3514992,8,Photon,Paris 
1395,1243,48.8566101,2.3514992,8,Photon,Paris 
1396,1244,48.8566101,2.3514992,8,Photon,Paris 
1397,1245,48.851795,2.3177545,8,Photon,Paris+(7ème+arrondissement) 
1398,1246,48.0231226,-4.5397715,8,Photon,Audierne+(Finistère) 
1399,1248,48.8566101,2.3514992,8,Photon,Paris 
1400,1249,45.7578137,4.8320114,8,Photon,Lyon+(Rhône) 
1401,1250,48.4049375,2.7015872,8,Photon,Fontainebleau+(Seine+et+Marne) 
1402,1251,44.841225,-0.5800364,8,Photon,Bordeaux+(Gironde) 
1403,1252,48.8566101,2.3514992,8,Photon,Paris 
1404,1253,48.4049375,2.7015872,8,Photon,Fontainebleau+(Seine+et+Marne) 
1405,1254,51.0538286,3.7250121,8,Leaflet,Gent (Belgique)
1406,1255,43.2961743,5.3699525,8,Photon,Marseille+(Bouches+du+Rhône) 
1407,1256,48.8566101,2.3514992,8,Photon,Paris 
1408,1257,43.6044622,1.4442469,8,Photon,Toulouse+(Haute-Garonne) 
1409,1258,44.8422361,-0.6469599,8,Photon,Mérignac+(Gironde) 
1410,1259,48.86533265,2.3995650741333,8,Photon,Paris+(20ème+arrondissement)
1411,1260,43.6112422,3.8767337,8,Photon,Montpellier+(Hérault) 
1412,1261,43.63071345,7.4761610164014,8,Photon,Monaco 
1413,1262,47.25417435,-0.066185388697267,8,Photon,Saumur+(Maine-et-Loire) 
1414,1263,48.8621574,2.337041186332698,8,Leaflet,Paris+(1er arrondissement) 
1415,1264,48.8566101,2.3514992,8,Photon,Paris 
1416,1265,48.8566101,2.3514992,8,Photon,Paris 
1417,1266,48.8497413,-1.40851,8,Photon,La+Meurdraquière+(Manche) 
1418,1267,48.8566101,2.3514992,8,Photon,Paris 
1419,1268,48.8566101,2.3514992,8,Photon,Paris 
1420,1269,49.4404591,1.0939658,8,Photon,Rouen+(Seine+Maritime) 
1421,1270,43.4933379,-1.475099,8,Photon,Bayonne+(Pyrénées+Atlantiques) 
1422,1271,48.8566101,2.3514992,8,Photon,Paris 
1423,1273,48.8566101,2.3514992,8,Photon,Paris 
1424,1274,48.8566101,2.3514992,8,Photon,Paris 
1425,1275,50.6305089,3.0706414,8,Photon,Lille+(Nord) 
1426,1276,43.6044622,1.4442469,8,Photon,Toulouse+(Haute-Garonne). 
1427,1277,49.0457362,3.4027111,8,Photon,Château-Thierry+(Aisne) 
1428,1278,48.584614,7.7507127,8,Photon,Strasbourg+(Bas-Rhin) 
1429,1279,48.9399476,7.7432539,8,Photon,Wœrth+(Bas-Rhin) 
1430,1280,48.86387315,2.3617859296827,8,Photon,Paris+(3ème+arrondissement) 
1431,1281,47.4739884,-0.5515588,8,Photon,Angers+(Maine+et+Loire) 
1432,1283,49.6343606,-1.628568690749,8,Photon,Cherbourg+(Manche) 
1433,1285,47.590362,1.33297343,8,Leaflet,Blois+(Loir+et+Cher) 
1434,1286,48.2971626,4.0746257,8,Photon,TROYES 
1435,1288,48.8566101,2.3514992,8,Photon,PARIS 
